{
	"obj_path": "../assets/squirrel/",
	"matrices_path": "../assets/squirrel/viff.xml",
	"image_folder": "../assets/squirrel/original_images/",
	"silhouette_folder": "../assets/squirrel/segmented_images/",
	"use_masks": false,
	"fx": 1680.2631413061415,
	"fy": 1676.1202869984309,
	"cx": 621.59194200994375,
	"cy": 467.7223229477861,
	"xmin": -6.21639,
	"xmax": 7.62138,
	"ymin": -10.2796,
	"ymax": 12.1731,
	"zmin": -14.0349,
	"zmax": 12.5358
}