data,pose
/home/alboalby00/catkin_ws/src/voxel_carving/images/hello/image1,"[ 9.99980747e-01 -8.13239060e-17 -7.73343446e-18  0.00000000e+00
 -8.13239060e-17  9.99980747e-01  1.07031426e-17  0.00000000e+00
 -7.73343446e-18  1.07031426e-17  1.00000000e+00  0.00000000e+00
  0.00000000e+00  0.00000000e+00  0.00000000e+00  1.00000000e+00]"
/home/alboalby00/catkin_ws/src/voxel_carving/images/hello/image2,"[ 9.99897554e-01  6.99758591e-04 -1.28797931e-02  5.73704600e-05
 -7.53777895e-04  9.99971686e-01 -4.18973617e-03  2.19275929e-03
  1.28767445e-02  4.19909629e-03  9.99908273e-01  3.74155789e-03
  0.00000000e+00  0.00000000e+00  0.00000000e+00  1.00000000e+00]"
